5822b027-369d-46da-b6dd-c31207e2f449,DMU
5b364f40-c3c0-4e3a-8556-73f6fcc19eec,DMU
be849ad5-9f96-4605-a0dc-8b9588ac7dd6,DMU
8bafc217-3d83-4551-b2e3-3494ec14b2f9,DMU
8bafc217-3d83-4551-b2e3-3494ec14b2f9,DMU
34ec0f4f-e6f7-4a49-81a3-a1fbad102a9d,DMU
64e7580a-92bd-4b50-84fc-ee42e47c9014,DMU
5a846f00-ccb9-4ee2-8358-7c7722258601,DMU
5a846f00-ccb9-4ee2-8358-7c7722258601,DMU
00daa026-aba3-421e-9eaa-aa5649b36eb2,DMU
0306607d-2a42-4008-ac84-8d3ed91fe3aa,DMU
a82f782e-abc8-4b92-a193-17b2c383f765,DMU
a82f782e-abc8-4b92-a193-17b2c383f765,DMU
72776f25-48f5-4d7f-84a9-310928b9d7ad,DMU
40d07155-d45d-4fec-a15e-525df5010af3,DMU
52097f6a-58d3-4176-b3bf-dc94f44adf30,DMU
52097f6a-58d3-4176-b3bf-dc94f44adf30,DMU
1a1b6004-6dda-4495-85f7-eb8fa29873e9,DMU
279ebd05-229a-4a4a-a1c0-c5f24d16dee3,DMU
5822b027-369d-46da-b6dd-c31207e2f449,DMU
e8b91c26-26f3-45d6-bf7d-35a2963dde37,DMU
0306607d-2a42-4008-ac84-8d3ed91fe3aa,DMU
a82f782e-abc8-4b92-a193-17b2c383f765,DMU
a82f782e-abc8-4b92-a193-17b2c383f765,DMU
72776f25-48f5-4d7f-84a9-310928b9d7ad,DMU
40d07155-d45d-4fec-a15e-525df5010af3,DMU
52097f6a-58d3-4176-b3bf-dc94f44adf30,DMU
52097f6a-58d3-4176-b3bf-dc94f44adf30,DMU
1a1b6004-6dda-4495-85f7-eb8fa29873e9,DMU
279ebd05-229a-4a4a-a1c0-c5f24d16dee3,DMU
5822b027-369d-46da-b6dd-c31207e2f449,DMU
5822b027-369d-46da-b6dd-c31207e2f449,DMU
5b364f40-c3c0-4e3a-8556-73f6fcc19eec,DMU
be849ad5-9f96-4605-a0dc-8b9588ac7dd6,DMU
8bafc217-3d83-4551-b2e3-3494ec14b2f9,DMU
8bafc217-3d83-4551-b2e3-3494ec14b2f9,DMU
34ec0f4f-e6f7-4a49-81a3-a1fbad102a9d,DMU
64e7580a-92bd-4b50-84fc-ee42e47c9014,DMU
5a846f00-ccb9-4ee2-8358-7c7722258601,DMU
5a846f00-ccb9-4ee2-8358-7c7722258601,DMU
00daa026-aba3-421e-9eaa-aa5649b36eb2,DMU
1a1b6004-6dda-4495-85f7-eb8fa29873e9,DMU
aef37244-deb9-464e-ab8c-4308369ae09b,DMU
25175622-7b68-4916-adf2-3bf2d82e8356,DMU
48aa964f-99b5-4b6b-b158-42f39514c910,DMU
9c873c5b-61f6-49b9-8993-2d5e9823de62,DMU
ba537452-3dab-4ecd-b65f-9e311a130d31,DMU
853ddf31-826b-411e-9b6d-75d53cdd1b84,DMU
6f342de7-f179-4894-96e4-56339d32f801,DMU
d4101cf9-4e05-414a-843e-b2fda0db917c,DMU
b2185d26-05b7-4e8b-ab0a-4f9d1541d4c5,DMU
fb64b0a7-3e9a-490f-bf02-c62fc8cf750d,DMU
7f22fcfa-a5f0-4fae-b578-cdfd7d46a4c8,DMU
5b364f40-c3c0-4e3a-8556-73f6fcc19eec,DMU
c56cf82f-8bbb-49ae-ad93-291cbec9126e,DMU
4a325fb4-fe71-47f1-9a2f-05b8cfe88fe6,DMU
409189da-53c9-4daf-b6b2-d155fc14f91a,DMU
335f3146-743c-4a25-86b5-c45e9c66eb15,DMU
88dee3d1-0496-40ea-b208-7362a932f531,DMU
ed719f25-1aab-4a1e-8c9f-dd574db5de0c,DMU
cc8331ab-adc9-45c6-9728-66afc72d901c,DMU
bdf96533-f28a-4465-893b-0c9394d5b8d7,DMU
74c3f2dd-8745-4e2e-b01c-6b692c6ff8af,DMU
ef074a2e-a387-4af8-a180-74b145d93992,DMU
89c46e9c-ae7c-466c-bb11-4f4d01ea7a63,DMU
7c5d0560-f9e6-4c70-8cce-cae61e4e74bc,ELD
be849ad5-9f96-4605-a0dc-8b9588ac7dd6,DMU
259c04f7-86f2-4584-97fb-8278dca9a213,DMU
084d77df-a899-406f-9d79-e3fa3abeaebc,DMU
7d541125-bfb8-4f88-8bf3-ad7b6af7ad1d,DMU
e2a54461-1f75-4304-b6d7-635171419456,DMU
3e11ad33-b9d7-43ef-840a-61955683b599,DMU
1f643d78-d8d8-4645-9357-a68ebd0d3517,DMU
bb6db604-8bbe-4719-88bd-f3cad8c4725d,DMU
3d1ed3b1-9c7d-44ff-8f0a-2a7a08313863,DMU
93dd512f-9f77-4f54-9081-f14ae0aa8c7a,DMU
2cfe404d-1a27-4627-9284-56188d92d5d5,DMU
20aff4af-5128-432f-a8c8-65b6909d31ac,DMU
be849ad5-9f96-4605-a0dc-8b9588ac7dd6,DMU
24957d64-ad17-4d4f-8a00-3cdd83e1ce88,DMU
0d4d7293-657f-48ac-931b-fb6a44128e6d,DMU
747881c7-3788-4dd6-b78d-b2a5ded20e14,DMU
7e57e1d7-da1d-4a2b-867f-85b8331b7bbc,DMU
c839d302-bf85-4a30-a49a-dbbd48695b5c,DMU
8b12da45-aff4-406d-83a3-39ecaff6ff56,DMU
000376ef-8b6c-490d-98cb-d6de15b2e585,DMU
676bc62e-f685-45cb-bcdd-d8adbe9c4ccb,DMU
216b4613-9b2a-472b-bc9a-49ad6c9b9f03,DMU
4ff97c69-6a6b-401c-b0a1-55fa81045d19,DMU
4a325fb4-fe71-47f1-9a2f-05b8cfe88fe6,DMU
0306607d-2a42-4008-ac84-8d3ed91fe3aa,DMU
4b78eaab-819c-4f06-b3b1-a25c17ab2235,DMU
bb078448-9e9f-4994-8aff-7e7c4fb62efc,DMU
106b5c96-d1bd-433d-955e-ace0b60d3bc3,DMU
1c3f0ffe-cf51-4c30-8cd5-9e3c7e92c019,DMU
c35bab2f-8464-4968-8c50-8807638d687b,DMU
d13d40b9-319b-4630-a5cd-228ff2f24367,DMU
5da59e8f-cbe5-4c14-a5a9-28d56048dc23,DMU
622f96fc-179a-4ff6-95a5-de721492f7eb,DMU
a573c574-754a-4994-881c-ca5177727775,DMU
ae8a90c4-4a79-49e7-9fab-076b35d28adb,DMU
1b1af9be-7f5e-48e9-a6e7-9261e199812e,DMU
8bafc217-3d83-4551-b2e3-3494ec14b2f9,DMU
ea61871b-9295-4ea0-86ef-e7a11e23bda8,DMU
bd250c9d-c65f-4293-a6b0-007fac634d3d,DMU
7ae6f015-2ad6-4b8e-8590-c2c2d01b6d98,DMU
d397fb84-8573-4b2c-be2c-f8fd820342f0,DMU
7c9231f0-7733-46d9-b9c6-c6c5b7fe65dd,DMU
d636da1e-4cc6-40a1-bd83-cc0dd761b1cc,DMU
753db072-5d6a-4f37-8f7d-255572ecd3bd,DMU
74c3f2dd-8745-4e2e-b01c-6b692c6ff8af,DMU
1e08d288-2f09-4856-a9ed-cc8aa8d953d7,DMU
3027347d-5fd3-47cd-83d4-8c834e00794c,DMU
bd250c9d-c65f-4293-a6b0-007fac634d3d,DMU
9a5817e2-3834-4137-a0ec-c0e61c634ce6,DDN
0aaf15b9-1bf5-424a-a994-67beaae29d36,DMU
e8e31184-dca4-48b1-be9d-581247c41d99,DMU
b1845806-7585-40d5-9d3a-f13667e6a9d2,DMU
5aec2b2c-0764-4869-814d-aad921122af9,DMU
5b7c0d2d-7107-4599-8d49-c7c57d21e467,DMU
b25ab334-1060-457e-b212-3d7a697c545e,DMU
e4dce5e7-c864-4239-bab7-af6a3adcb731,DMU
294c5f08-08e7-458f-8838-ff321dc5d9f2,DMU
a83d571b-ad91-43f5-8498-115cede4867d,DMU
6b7acac3-cb41-46bb-ae5e-98dc60620e53,DMU
a6f97236-1497-4811-8189-0545707451da,DMU
d0f81814-2870-4aab-9c50-bad78aad4e36,DMU
279ebd05-229a-4a4a-a1c0-c5f24d16dee3,DMU
017a3c6b-9a1e-403a-9c20-2360090d39ee,DMU
88dee3d1-0496-40ea-b208-7362a932f531,DMU
e8e31184-dca4-48b1-be9d-581247c41d99,DMU
b1845806-7585-40d5-9d3a-f13667e6a9d2,DMU
699d8655-d250-4ab6-92c5-376979bbabc7,DMU
40141353-c0d6-4529-b26a-34dfccbcf231,DMU
7e528d36-cea6-4013-83d5-ba837d570713,DMU
552fbde6-515d-457e-81c9-d67157eaaf37,DMU
2a83eca4-b6ad-4ec4-91f2-b2a62b32b056,DMU
99545c3e-0710-48d3-8558-046bd66f225c,DMU
106b5c96-d1bd-433d-955e-ace0b60d3bc3,DMU
3700a65c-6f54-4d56-9c6f-8364c45a058c,LTR
42db2313-b13d-4292-bef2-bf86f989d32f,LTR
5ae08177-48ee-4404-834d-d3cd7482ae81,LTR
7cd03837-37cc-4f6c-8e22-e3b0ff635462,LTR
73d135b2-d2b8-499c-84d9-824370c19ccc,LTR
bdd4d735-8cda-47c1-865b-48b51ac8f666,LTR
0aa57431-39e2-4152-8a30-1c1e8faef153,LTR
92cd3884-18d1-4200-b28e-a52349ef37aa,LTR
cbe793e4-c034-4a22-929d-d743c0255bf1,LTR
92cd3884-18d1-4200-b28e-a52349ef37aa,LTR
bdd4d735-8cda-47c1-865b-48b51ac8f666,LTR
d86cd8fb-4ba7-4311-b0f3-b06fa112eda5,LTR
e2b975e6-e709-481f-bfbc-41a832508283,LTR
c4e40481-aeaa-4b3d-a020-e9b6d7c11992,LTR
c1bd3bc0-77bd-40fe-b4f1-835a04cb6e41,LTR
3d5f92bf-e4e7-487a-834c-964fdd6ad674,LTR
75338f49-1f02-4333-87e4-5779ef14e688,LTR
d3f990e7-54a3-4893-8510-645b2065447b,LTR
26bb65ba-d605-4b79-a700-4a08ec5a90b4,LTR
3d5f92bf-e4e7-487a-834c-964fdd6ad674,LTR
8b716fcc-c4cc-4987-be82-2897a9888d23,LTR
c34f88d7-15a1-434f-88d7-3d4fcf406d54,LTR
efde011d-8732-49b3-9204-8b114a3d81ba,LTR
adffb389-c9a3-41c4-b078-292a2bcf870d,LTR
2ef878cb-27b6-47d8-ad11-bd20529b0e7e,LTR
2f506f9f-4c0d-44e8-9f81-8403d808d0e4,LTR
38f81e68-cddd-47f4-b1d1-a297c3298c25,LTR
b8397d13-eeaf-4b4e-b3cd-9a9ac231873a,LTR
2acb8240-8e0e-4adf-a884-4986c116e704,LTR
28b41c48-0715-49d9-98e5-e82b706da816,LTR
efde011d-8732-49b3-9204-8b114a3d81ba,LTR
c2e2c80d-7581-46ba-8237-7886b91c19b3,LTR
f4ff3330-dcca-4435-87e7-871be91a68b0,LTR
c4e40481-aeaa-4b3d-a020-e9b6d7c11992,LTR
130f60d0-4fac-4e4e-a938-58f3b96e5335,LTR
b91859de-1983-4c9c-a9e6-289c7dba1eb4,LTR
9b5871c5-bb94-4803-93ba-cd1a630b00d6,LTR
9b5871c5-bb94-4803-93ba-cd1a630b00d6,LTR
efde011d-8732-49b3-9204-8b114a3d81ba,LTR
ec120dae-8c40-4053-9341-1f7774464634,LTR
bc02e193-df33-4eb1-adc1-b51ee931218a,LTR
6b98850c-ad69-42da-b91a-8dc5e226c444,LTR
ec0984b2-bed6-41b1-9087-2cfd16749037,LTR
d9b7d7f8-503d-4660-9a18-6a8e2fcaa25f,LTR
3f440fa1-5387-41d6-a80f-5b19dbb21514,LTR
0362b7c4-fff5-4bc2-b32d-913f85c23cc4,LTR
b590d028-ea6a-4550-b5e2-ba328a81bbc0,LTR
2acb8240-8e0e-4adf-a884-4986c116e704,LTR
d3f990e7-54a3-4893-8510-645b2065447b,LTR
85708748-40ca-4066-a287-7a6a189ff3df,LTR
671516eb-b088-4a15-aec9-1781ca016e11,LTR
939b0bd0-24ea-45de-a2d3-37bbf6a3e6f9,LTR
fb11c04f-6f17-4da4-bbf6-0bd09de6e544,LTR
bc02e193-df33-4eb1-adc1-b51ee931218a,LTR
651503a2-5d1e-408a-9cdc-0cee05ab3ef0,LTR
bdd4d735-8cda-47c1-865b-48b51ac8f666,LTR
a9b48836-6d37-46eb-8c41-a3eeecc72ae1,LTR
8315d7cc-fc2c-45b1-8340-11ff2af3beb5,LTR
b7557170-39a2-49df-823e-958c3eb34801,LTR
552730c5-e3a6-468f-91b2-82c272dda400,LTR
d86cd8fb-4ba7-4311-b0f3-b06fa112eda5,LTR
bc60dc65-6813-4d57-877b-df195ed00d00,LTR
d179dbbe-9c79-4dbc-955a-5209a3e2745a,LTR
002f647a-25f8-461b-8617-52674f5d577c,LTR
3b46aacf-b31a-4380-9e4b-82795fbaba3b,LTR
1500126f-fbe4-4c39-bb06-1a36e2c4682f,LTR
27347256-2ac4-4b12-b288-0a8d578a1ff2,LTR
cd4dbf80-187b-40e3-9e0b-526f78d9a34e,LTR
b889037f-b95f-4756-80aa-04097d2818c3,LTR
87500b92-3d68-42f3-afa9-f8206b2ebcbb,LTR
2f506f9f-4c0d-44e8-9f81-8403d808d0e4,LTR
e57815d4-b21f-4ceb-a3f1-73cff5f0e612,LTR
21b7606a-6a4c-4bf0-b311-1883383161d2,LTR
671516eb-b088-4a15-aec9-1781ca016e11,LTR
08b7a4d8-1183-430e-8ea4-016844f33200,LTR
0c511371-97d7-47cc-934c-939dfbdd1c0b,LTR
37271b8b-3c58-43aa-b120-f0aa12fb3ad5,LTR
fa65958a-f601-472e-a9b6-42650b97fa44,LTR
af1b83d9-078b-44dc-a118-4659201f4854,LTR
7769f0ce-b31b-4cb5-8635-2b9b70114180,LTR
11b50fec-28e0-4eaf-9184-73cc7234577f,LTR
741a266c-b2e9-4981-93ef-843cea95ca76,LTR
a2216497-ce38-41fe-bde9-e8066df36d60,FUT
17393110-c57e-487b-b07e-dc21a164efa7,MH2
ac8546d1-bfea-4cf7-bfa1-48555ea81bd4,MH2
95d781a5-2f5e-499f-b210-c4a5c50a180c,MH2
c8511fe7-63f9-4942-8972-d40bf5d7e949,MH2
2963205e-b181-44d1-809f-6577e29fa812,MH2
22579ac0-ad3f-4000-a65a-46a17a7f1aa5,MH2
e5705397-525b-4106-92ab-fe8ec9f561a2,MH2
06373318-e548-4664-b227-17e3b6fd0a88,MH2
881175c4-fee5-4c39-ad25-145ef73569ce,MH2
c6ed4077-4ed5-48fb-91c9-a9195d652978,MH2
bb8f3008-a3ba-4f73-afa6-ad81074b3196,MH2
3457e346-a5de-4624-b577-f59d4c186537,MH2
e94e53f0-cfca-4b40-9867-94ea771463cd,MH2
f3537373-ef54-4578-9d05-6216420ee349,MH2
488996b2-06c8-4866-bf0d-4664640c2be1,MH2
98aeda3d-3741-4b80-bfef-63bcc599d75b,MH2
1af03fc3-5eb6-404e-96d9-e291a1e11ec3,MH2
956a2a42-6a91-45b5-99f1-87c2cf1dd608,MH2
4ab83a39-d90d-403e-b74d-fe99c8b2aacd,MH2
a7f09ddb-0dec-47a7-92d4-efbeaf8cd85c,MH2
985bdb0c-ce6c-4506-8163-76f3b2fdf5fb,MH2
7ce1c2a8-688b-4f63-8d58-e325efc6052a,MH2
ee638303-fa02-41b6-8954-156544566b57,MH2
5b9072a5-bd7f-4007-a34a-ebe251c95356,MH2
9955a344-dcd8-404d-9757-f62ed158ba22,MH2
723ec2ef-aa82-449d-88b0-405d06454fc2,MH2
1cb0a1a4-9216-47f8-a4e3-20fe0de6a518,MH2
38e4ce27-aba2-4a3f-8de7-d442323d8be2,MH2
701256d5-1389-48b7-9581-d6037209bd06,MH2
2d92fcf1-2ccd-47d2-9a24-f44b766a0b68,MH2
affc1d27-55f6-46e9-a67c-f15b6832813d,MH2
836ae711-e62f-49ec-850e-d25f6fd2a4d4,MH2
4541217f-5e86-491b-918b-ed7a2eb3e4eb,MH2
2958aa5c-176d-4f6e-be52-ef2afbe8d452,MH2
c5688978-1744-4986-bda3-09629541b827,MH2
4613fc96-a98d-4ea8-b1e2-0a776dfd4d5a,MH2
42b8d797-b01d-49cf-9818-d84bba17029d,ARB
86123ab7-ee60-4ef2-8467-1ad420213eb1,SLX
9746e3ab-c0a6-46c1-a418-275b419962e4,ONE
563e9ba5-e0ec-4fb3-8301-689aa145cc19,ONE
f22108ec-28f0-44d3-ba6b-3075f5f6bc65,ONE
c498dbf9-c68c-400c-9349-c3c3fc8efcae,ONE
57551332-e2a4-4e6a-9bd8-e3a9baafcd17,ONE
2d6cf933-73fe-4e79-8d0b-29dc0f18b25d,ONE
96ae13df-670e-49a0-99b0-baf908ac9eb4,ONE
3006ea5a-5391-41eb-b0c8-092741dca2eb,ONE
54f69d43-de01-46a8-b102-b47e23e0e947,ONE
d7c25806-1da6-4789-a17e-d2440184ec40,ONE
6ac8cd7c-992f-4953-b5bf-42e5a9ff09ad,ONE
87519b36-1d95-4020-a61d-6afb75555e3e,ONE
9df0adcf-7ad0-4d70-8dcd-28f69471495b,ONE
e508ae5d-ffb5-4480-be90-a4394954b559,ONE
611497d2-83df-4c69-bbeb-6a807c686bc4,ONE
98c2b2af-739f-413c-8c36-da6f78df0acb,ONE
1b49ec35-2c4f-4144-85fe-226f7cb67266,ONE
277aeb73-4c7c-4132-b9f9-55181d57e75d,ONE
71c1a1d0-5616-42f8-a59c-42c1ccd48d26,ONE
7177431e-5cc4-4ecd-8848-f51903289072,ONE
6249aabe-8f21-4257-9e04-ceffd44d42a5,ONE
0c117239-8e40-4e7e-ab1b-82f2ddf55cf4,ONE
a5424859-628a-4c19-acd0-0c63c21c8338,ONE
e3f571b5-ce50-4856-a151-fe6610d27bca,ONE
66270dd2-9139-4329-9621-852962836688,ONE
19d469f1-2219-4466-9f8a-769ee43e28db,ONE
905f0dd4-0197-45f8-8e7f-396d6dcef600,ONE
75a1beec-bafe-4243-b91e-040a88fb0e95,ONE
c66988ca-29d5-45ea-8d68-c8e0e4c3ffb1,ONE
f912c4ec-08e9-4524-a2ba-98f6dfabdc18,ONE
272c9888-ef13-4d47-a4bc-f5239b357a1b,ONE
f05078dd-b928-4b3f-9636-f299ebac180b,ONE
f4057210-ef07-4496-94c8-95c3b807c23c,ONE
0ec44465-68d4-4dca-a313-7f2ab0ce2e63,ONE
5adceb34-78c7-40dd-af31-6fb282d577ca,ONE
f1d4b157-2c77-4355-8c65-78dec9d44c85,ONE
67f0a63e-0866-423e-b917-fc7c71063021,ONE
0edb2d01-9a94-410c-8ab7-ca1b404ab5f0,ONE
daa20112-2955-439d-8802-3a228ba0832e,ONE
cd244359-781e-4e1d-946d-243664f40c7c,ONE
63517062-77da-4b60-aa24-f91553a81bed,ONE
4f5e95f8-c04d-405f-bba4-e83a8f6bf463,ONE
f8855fbf-4f1e-4c44-9653-bbbfc3f2fafd,ONE
c5efd9b5-05e5-440f-b28c-658e461cf644,ONE
f67e7a16-ff30-4fb9-9fcb-6561eec50caf,ONE
b3ef034f-37e5-4baa-a7a9-5fd0de792535,ONE
2e6af42f-35ec-432f-9879-2a0fb938a9f6,ONE
45db6b46-c4b4-4684-8a49-53a64ffc82f2,ONE
a6e8d7b9-ff5e-48ae-9e38-d2b6a45b119b,ONE
134aecf0-dc48-4fb3-8c8b-4e5272077856,ONE
ebad4fcc-4f78-48dc-b236-c78c22edc1e9,ONE
157cf43c-f7f2-4362-bfc8-11682e94b747,ONE
66605fe1-9a20-4c95-b53e-1249cedb978b,ONE
3b92f866-2522-4f2a-a5ca-7d01ad79b927,ONE
bbc4b5ca-557e-4465-9725-9e7a15590258,ONE
cd37d1b1-70ce-466e-890d-36be82433035,ONE
58d287e8-5297-415a-97d5-02002470c52b,ONE
3557e601-9b71-4ce9-9047-1a8baa72e574,ONE
8c6b818f-6912-4ea1-a35a-c8cd7ee9aead,ONE
f7dc55a8-290f-4666-90ce-aa632e87c5e7,ONE
e508ae5d-ffb5-4480-be90-a4394954b559,ONE
945d283d-4592-485f-808a-6e5a721f3cf7,ONE
d326bff1-5370-4817-8370-6da87a061058,ONE
65e5fc08-7a04-4bba-81ba-990889cae96a,ONE
360ca37b-5bbd-4923-a493-7674786a36af,ONE
a9225cc3-90f0-448f-a8d9-7c6c2796d077,ONE
1dd64b1d-bcef-476c-bf0b-3ac7df7cbed3,ONE
3583ea03-525f-4c70-9d7e-ccc6002ee9e1,ONE
d7898399-3c52-402c-9cd7-baad2cb7f00e,ONE
aa625ab0-1e79-4497-a5da-98fe1abfd024,ONE
01d6ba55-7bc0-41c6-84be-8cd528e46a05,ONE
18af2c85-e58f-4043-99d3-e90121348aca,ONE
ce7e1e9b-ad7f-4f4c-bdb5-2ccb6f147037,ONE
6f66c086-bb19-45d1-8387-17348f2c5c78,ONE
ba9d9d26-0c76-4a09-aa25-b32854e70c0b,ONE
c66988ca-29d5-45ea-8d68-c8e0e4c3ffb1,ONE
71c1a1d0-5616-42f8-a59c-42c1ccd48d26,ONE
187e9fa1-6a50-4697-8645-fea4524e8dde,ONE
50958c6e-9555-42ad-9bb3-2da9faa5cb52,ONE
a8c2d370-982d-4b1b-b9b3-371b08121b1f,ONE
9f9e911e-7e12-4d99-806c-5cfba19ea8f3,ONE
9f9e911e-7e12-4d99-806c-5cfba19ea8f3,ONE
9f9e911e-7e12-4d99-806c-5cfba19ea8f3,ONE
9f9e911e-7e12-4d99-806c-5cfba19ea8f3,ONE
cd95f833-27ce-447c-b505-02137daaba4c,ONE
cd95f833-27ce-447c-b505-02137daaba4c,ONE
cd95f833-27ce-447c-b505-02137daaba4c,ONE
cd95f833-27ce-447c-b505-02137daaba4c,ONE
d485c620-f1fb-4715-b7c5-d2d56588308d,ONE
d485c620-f1fb-4715-b7c5-d2d56588308d,ONE
d485c620-f1fb-4715-b7c5-d2d56588308d,ONE
d485c620-f1fb-4715-b7c5-d2d56588308d,ONE
fa641d46-d002-4903-af72-e96971f558bc,ONE
fa641d46-d002-4903-af72-e96971f558bc,ONE
fa641d46-d002-4903-af72-e96971f558bc,ONE
fa641d46-d002-4903-af72-e96971f558bc,ONE
db14da86-6721-4e22-9b61-4a5680d4e5a3,ONE
db14da86-6721-4e22-9b61-4a5680d4e5a3,ONE
db14da86-6721-4e22-9b61-4a5680d4e5a3,ONE
db14da86-6721-4e22-9b61-4a5680d4e5a3,ONE
1bfb7150-5157-4471-8874-4f9258c5d396,ONE
6c3df8b6-3f31-4d1c-a165-40cb3f2e2233,ONE
a4b4fe48-f9e6-4606-9901-76dd85fd7038,ONE
cd8ef6fc-a81b-4354-aa65-c88590522d30,ONE
6c3df8b6-3f31-4d1c-a165-40cb3f2e2233,ONE
6f66c086-bb19-45d1-8387-17348f2c5c78,ONE
59f24481-fd89-4d0e-bb64-1f6afe4f17df,ONE
e0e1de30-1899-49ef-88ae-6defc69f19b3,ONE
e0e1de30-1899-49ef-88ae-6defc69f19b3,ONE
b394cdd1-a632-4b57-8356-4e2d9c9620f7,ONE
85465be2-7327-4e1f-8a4b-d24dca4f3ada,ONE
36ccde39-98bd-4a67-bfcf-a66d9fbd9417,ONE
736a0484-e091-4178-92c5-c517b0e92f3d,ONE
4fce7045-4572-4e9e-8853-2a5dcfc989ac,ONE
55c61b29-797f-4fda-acf1-039a807954c9,ONE
5c6322d4-52bf-471a-a5b2-8329ef4be39a,ONE
736a0484-e091-4178-92c5-c517b0e92f3d,ONE
9f9e911e-7e12-4d99-806c-5cfba19ea8f3,ONE
9f9e911e-7e12-4d99-806c-5cfba19ea8f3,ONE
9f9e911e-7e12-4d99-806c-5cfba19ea8f3,ONE
9f9e911e-7e12-4d99-806c-5cfba19ea8f3,ONE
cd95f833-27ce-447c-b505-02137daaba4c,ONE
cd95f833-27ce-447c-b505-02137daaba4c,ONE
cd95f833-27ce-447c-b505-02137daaba4c,ONE
cd95f833-27ce-447c-b505-02137daaba4c,ONE
d485c620-f1fb-4715-b7c5-d2d56588308d,ONE
d485c620-f1fb-4715-b7c5-d2d56588308d,ONE
d485c620-f1fb-4715-b7c5-d2d56588308d,ONE
d485c620-f1fb-4715-b7c5-d2d56588308d,ONE
fa641d46-d002-4903-af72-e96971f558bc,ONE
fa641d46-d002-4903-af72-e96971f558bc,ONE
fa641d46-d002-4903-af72-e96971f558bc,ONE
fa641d46-d002-4903-af72-e96971f558bc,ONE
db14da86-6721-4e22-9b61-4a5680d4e5a3,ONE
db14da86-6721-4e22-9b61-4a5680d4e5a3,ONE
db14da86-6721-4e22-9b61-4a5680d4e5a3,ONE
db14da86-6721-4e22-9b61-4a5680d4e5a3,ONE
a300a645-aec6-4cda-8c11-1e8a6af056ff,NPH
aff4fb74-8fb8-4d58-ac1b-be3de156411a,MUL
7ccb21e9-5169-4934-83c3-78ac00e5ffc7,MOM
a4705327-ada6-4575-82fc-351e183d060e,MOM
2443cb94-b27e-4a96-93cb-ac7880149bcc,MOM
5f73cd60-cd89-4c7a-85a6-e0ae34ca101b,MOM
efd6f04e-e83d-4580-ae3f-583ada848868,MOM
e36fbff8-471e-4cf8-8946-e1e5cdf598af,MOM
6fc278d1-2ea4-4fbc-95cd-a9cd48c3c630,MOM
e08ed414-77bf-402a-82a8-9d4e1bd627a1,MOM
f1b753e2-6e53-4ed1-9be4-66f8eb005a11,MOM
80716ed1-8d0e-44e6-8b18-606e80d22181,MOM
80716ed1-8d0e-44e6-8b18-606e80d22181,MOM
80716ed1-8d0e-44e6-8b18-606e80d22181,MOM
80716ed1-8d0e-44e6-8b18-606e80d22181,MOM
21041ed6-8f13-4909-a2c3-fa4894a2d1e3,MOM
21041ed6-8f13-4909-a2c3-fa4894a2d1e3,MOM
21041ed6-8f13-4909-a2c3-fa4894a2d1e3,MOM
21041ed6-8f13-4909-a2c3-fa4894a2d1e3,MOM
888cdb76-d365-41df-8b6a-378ac58ca8b2,MOM
888cdb76-d365-41df-8b6a-378ac58ca8b2,MOM
888cdb76-d365-41df-8b6a-378ac58ca8b2,MOM
888cdb76-d365-41df-8b6a-378ac58ca8b2,MOM
988bfa94-0c83-4057-a0c7-0ad885b8919c,MOM
988bfa94-0c83-4057-a0c7-0ad885b8919c,MOM
988bfa94-0c83-4057-a0c7-0ad885b8919c,MOM
988bfa94-0c83-4057-a0c7-0ad885b8919c,MOM
7e19c7e1-1b4b-4c7e-b011-eff8ed7de0fd,MOM
e19e24a8-5a4f-4a2d-b8dd-eb92aac7be78,MOM
7e6151d4-5129-4631-84a1-5cffc551c1e9,MOM
957efc4e-c2a9-46a2-b9e3-20dc419ffd05,MOM
b6ed20a4-bc8a-44b1-b9b7-c82518c287b8,MOM
80716ed1-8d0e-44e6-8b18-606e80d22181,MOM
80716ed1-8d0e-44e6-8b18-606e80d22181,MOM
80716ed1-8d0e-44e6-8b18-606e80d22181,MOM
80716ed1-8d0e-44e6-8b18-606e80d22181,MOM
21041ed6-8f13-4909-a2c3-fa4894a2d1e3,MOM
21041ed6-8f13-4909-a2c3-fa4894a2d1e3,MOM
21041ed6-8f13-4909-a2c3-fa4894a2d1e3,MOM
21041ed6-8f13-4909-a2c3-fa4894a2d1e3,MOM
21041ed6-8f13-4909-a2c3-fa4894a2d1e3,MOM
888cdb76-d365-41df-8b6a-378ac58ca8b2,MOM
888cdb76-d365-41df-8b6a-378ac58ca8b2,MOM
888cdb76-d365-41df-8b6a-378ac58ca8b2,MOM
888cdb76-d365-41df-8b6a-378ac58ca8b2,MOM
988bfa94-0c83-4057-a0c7-0ad885b8919c,MOM
988bfa94-0c83-4057-a0c7-0ad885b8919c,MOM
988bfa94-0c83-4057-a0c7-0ad885b8919c,MOM
988bfa94-0c83-4057-a0c7-0ad885b8919c,MOM
00bf269d-aca3-494c-8777-de90ae903af2,MOM
00bf269d-aca3-494c-8777-de90ae903af2,MOM
00bf269d-aca3-494c-8777-de90ae903af2,MOM
00bf269d-aca3-494c-8777-de90ae903af2,MOM
b3af679b-6ee6-4a1d-8ec3-b659bdd90b4a,MOM
3261c7e6-45be-44d1-8855-026359ba0ae7,MOM
66ddcca8-5720-4341-acce-c6694ddc97f8,MOM
0eecdd9a-6c3f-43ee-8d9c-e3466bd7bf5e,MOM
a4d8b20a-9288-4470-90d2-5b72fb4a9e68,MOM
41c83142-b948-4ee5-a486-41306d2bb411,MOM
6f455cc1-a822-44ef-ba7c-bfcff69bd45e,MOM
32e29c7d-ed4b-4eff-b3c2-d99e5b63ef8d,MOM
cc43a788-ab06-4d28-b45a-aa47801d6ace,MOM
6f455cc1-a822-44ef-ba7c-bfcff69bd45e,MOM
3140320d-b932-441f-bff3-9bdf4419b88a,MOM
70668650-0fb1-4486-a4e6-ab9a12be5626,MOM
e91bfea6-0e80-4239-bede-7cb971e64c1a,MOM
e1d2aa39-b876-4136-8e16-5272a8083235,MOM
6c8c9c33-569c-4b67-a18d-4cd0f18d01f4,MOM
af527344-9d88-4641-8f6d-0263a6797df3,MOM
150e17b1-b9fd-4ec4-b305-19596fed14d1,MOM
7e784d3d-0c6d-4ce5-beb5-edd2adb32385,MOM
e585631c-bd41-4b48-aac4-4b6f5636ecd5,MOM
c4dabe69-a88f-4e61-a5fb-c4b9ef1c7569,MOM
b3e0fc49-f765-4bd1-a2b9-23e703388b50,MOM
40ab763d-05ee-408d-aeba-eaf18c4f2e21,MOM
49a5e7de-43cc-488b-99a4-7d173b42d5dc,MOM
4e317d1d-3f20-4f0d-8b1e-31df351e8f83,MOM
50180fda-6d67-41e9-8b2b-2e7c5876b8ab,MOM
efd6f04e-e83d-4580-ae3f-583ada848868,MOM
be2ef728-a2c7-45ee-8594-372ed135b482,MOM
981f091a-17f8-412e-9752-69070ebed4ea,MOM
dc1454ce-bb49-4b4f-bbca-d77387fa4966,MOM
445b3315-6587-4d57-ab7e-faab1eec0241,MOM
04113b3c-cc8f-4b15-9091-f82ea3df2e7c,MOM
05864d3a-d8bb-4ddf-b721-883632050cb1,MOM
b3e0fc49-f765-4bd1-a2b9-23e703388b50,MOM
49e206f2-1647-4456-8f2f-b67d053413e2,MOM
594aefa2-7a5b-4ec1-841b-a6ef4f5aa2b1,MOM
76b5e289-6bc4-48ee-8d5b-6989bab9f901,MOM
792e7386-4c2d-4fa9-b499-fa3681f2a50e,MOM
e83f9565-4c04-449d-b337-0eff3fd0c295,MOM
93f623da-616e-4067-9ea8-5dfbeef8ce0b,MOM
f6ee12ba-0e6c-485a-a1ff-61726ed72fea,MOM
c4303347-3fbd-4bbd-ab3f-e7ddbe0e0a9d,MOM
58b35399-79af-49fa-989e-867a85320cc2,MOM
4ef82b33-82ba-4521-846b-e651764ef46d,MOM
103295ed-5ddc-4528-8848-4fd2cfec4b88,MOM
4a63d530-27c3-4cd7-ac37-c62b5a1afbc1,MOM
a28f5de4-2af6-44ff-9bb8-d874f8ae7dd1,MOM
dad34ae5-56b4-4394-be02-e043dc1cc23d,MOM
6fc278d1-2ea4-4fbc-95cd-a9cd48c3c630,MOM
98c55aff-baed-4fb5-a490-abd59b8df5e7,MOM
93960b5e-b13c-4f7d-a826-8aad6bd210b4,MOM
2777f8b5-2f8e-4cb8-9206-8a4978488657,MOM
aa1200a1-8671-464f-ab3b-bfc1fb0d6ed8,MOM
ee4d00b8-1373-47b2-9be5-2199e0b12540,MOM
f7017afb-4c7c-4c8d-9c9d-3f056a55561e,MOM
8b2f3c52-8d6a-411a-aa62-cbb08a144351,MOM
fdc37acc-05ba-4457-8a03-d635497bfb1b,MOM
4616a548-269b-4530-97e8-c690ccc138f3,MOM
efbd934a-39c4-4ce7-af2a-34ca226d7f23,MOM
77fd9ccb-2cb0-4fe1-9eb0-ba929bb527be,MOM
83d89bd5-95cc-41fc-aea2-2dde52231919,MOM
c2551b01-4d88-47f3-b54d-96ec03e093f8,MOM
7311ade8-eb75-40f8-b018-668762aa3b77,MOM
3fee189f-539f-48fa-b217-4b2599375364,MOM
15625d6a-3844-4d23-ab35-ee3c3508db8d,MOM
1bdd3ecb-8c11-4a4c-a503-bc29f79a9dcb,MOM
194ad785-21bb-4ce6-8776-31c67259fb99,MOM
007324b3-b8a9-4a32-a5a1-ad78f3a07bc3,MOM
fdc37acc-05ba-4457-8a03-d635497bfb1b,MOM
38211d78-ebac-4150-ac11-7613a0e9e1bc,MOM
81752db1-374e-4723-b695-a2f4a634dfc6,MOM
e446a380-0316-46f7-8ac9-22bce773b35f,MOM
7e14dfd2-5805-46ef-bd19-dab7ac23fbce,MOM
8319b155-0fba-4d30-9481-bf01afbd3457,ZNC
660d83ac-e159-4f5e-936c-51ee19fed53c,ZNC
c6d7a00e-f828-43c1-bcbe-ea04589dc4ed,ZNC
e9b50917-6b95-41b8-86c7-1f4c8204d099,ZNC
4ba615a5-ad3a-4ad1-ab5f-69d7a3e4cf34,ZNC
99d861db-bb12-4fa8-9122-167e7e7898ec,ZNC
8d6adf14-e1ee-4248-bad2-67f209e686f6,ZNC
57e7fedd-3e02-462d-b13e-32c34eedd069,ZNC
296e140d-3510-4bbf-8c96-9b361bb369ee,ZNC
e62b42cf-abdb-4807-bb7d-4009faf92635,ZNC
46ee12e6-569e-446a-9600-b1eac394e213,ZNC
204acb48-a705-4c5f-b462-2bcb3bc75fa4,ZNC
50976f27-1878-46b0-a3c9-ac53616905ac,ZNC
62512962-8d98-4e18-a910-39abd72229ce,ZNC
9bddfae4-f928-4209-96c5-a483f9c20823,ZNC
5005cb1a-ea29-4a5e-959c-21fdf1997575,ZNC
8a5edac3-855a-4820-b913-44de5b29b7d0,ZNC
83ad06e3-c498-49f8-b8d4-34d044ede097,ZNC
e8df2b87-9671-4827-9ee9-5c6d6bb50aac,ZNC
89ed88b1-c2b8-4c6e-87a6-168035b2f8c8,ZNC
5fb6efb3-bde3-4e29-8637-265e5c1da616,ZNC
7999b93a-b18d-4d82-99ec-719e481b0c00,ZNC
92f0a448-fc11-4a1e-ab87-5a02b72a481c,ZNC
8d999a15-34a4-4a1e-862e-569b91948786,ZNC
570edcbb-5770-4589-9941-787bf9d139bd,ZNC
5e1903c2-6b22-4e2c-99fa-8e259fff29c5,ZNC
814e5257-464e-4451-8bee-780d80d8dec5,ZNC
08c14bb4-c9d9-41ce-a075-a441522a52c6,ZNC
374b5d57-fd20-4062-9ec2-24ac557d9dde,ZNC
d2f5e2c4-7a58-4666-b28f-d8e459547724,ZNC
4124807b-15f9-46d7-8b0b-d4f1b3587d99,ZNC
7f5ac7ee-52e0-4c30-83cd-d27c29c19dbc,ZNC
ab014d5a-aec5-4ea8-bfb4-1392f43c1b30,ZNC
cbbfd12c-9d16-4abe-83e9-ef5fa5977631,ZNC
7c4d6cce-ef92-47b9-a65b-870024f71e83,ZNC
288c0c3e-48a9-4ea5-ac8b-7071fc0a3fc7,ZNC
88733b6d-6d45-4318-ae49-623929231d17,ZNC
726feeb3-6403-4f23-8415-a4a6878faf61,ZNC
73a44759-1fa4-4a96-b668-316851e8a35a,ZNC
0ee24937-a282-4cf4-8daa-114e68285094,ZNC
ef3e7352-5768-4d4e-befb-560b9d10a178,ZNC
5b72535d-16dc-4b03-a18e-0da4a7cc901e,ZNC
ddb53e90-f91e-4da9-ab70-5460958c6c99,ZNC
a99dd58d-9fed-4d85-9bb5-f9c91834cab8,ZNC
491c6b65-244e-4146-9fbc-6eb00e78e1b7,ZNC
a6e7713d-6054-46a7-a8bc-f09e7a81a571,ZNC
28f684e5-a263-4841-b297-a094c76d906f,ZNC
3336593c-c83c-48e7-9173-2c2b74b94d3b,ZNC
60297593-2438-48d7-9414-48af114a93d2,ZNC
8549396b-f525-412d-9ff6-60b6a6b66a18,ZNC
1faffaf0-6be6-458f-b0f1-e3e74627c406,ZNC
76ccbb7c-6563-4ed0-a812-f94b002b7618,ZNC
8d104172-fad9-466a-910b-23863bd1a205,ZNC
84cb8203-88e4-4a3b-9334-91b70c747091,ZNC
a4b9e374-bc7e-4e43-8efd-5cb7b965ac2b,ZNC
d1a6d4f8-31e8-46b1-a0e3-5a0f9da112fd,ZNC
fc9c99e7-1e0a-4012-9b6e-6d2299b22269,ZNC
3e7d8c13-bfab-4501-8773-64adbfeb0957,ZNC
6221f00b-39dc-423a-bace-1bc15e1e91f7,ZNC
f8095ca6-2f5f-497f-8b78-7e530ac31d22,ZNC
35c74267-2c54-4883-b96a-5e912e5bde32,ZNC
4532020f-c6b5-43e6-946b-a4491c1785b3,ZNC
db67c59e-a9fb-4580-a8cc-ac5ef6c07440,ZNC
969bf351-c7df-4eb0-8065-9b8d5233f8f3,ZNC
2f3d83f7-b087-4e9b-8e98-6b9b060d0627,ZNC
db9168c5-7da7-402c-91e5-734898694e22,ZNC
6130036c-2cb7-4216-9bfe-0b751d653529,ZNC
1f4495c3-46be-4b9c-bedf-7998e313662b,ZNC
0893ada6-d7dd-4913-8c94-a780fc559859,ZNC
2baac648-a789-403f-a490-a6f6c65f5eb5,ZNC
9f18221f-e900-48ef-9b8e-e8ee52b31939,ZNC
975ad85f-1314-4707-974d-2f49b11b9490,ZNC
817002d2-1150-4769-b9de-f363b69ffb8a,ZNC
bc566018-5d35-44cc-adc4-76e09be9e47f,ZNC
b28100b4-f4ee-4e1c-be50-508dd01e846a,ZNC
d35bad68-e1a9-4cdc-bd68-cee4ccebef6c,ZNC
42560ce5-c7ac-422f-8f22-e2fb043861b7,ZNC
e70b3b78-9bdc-449b-82a9-c2fc3dd7f120,ZNR
fa259096-b24f-414c-af59-301bed4b4627,ZNR
2b90e88b-60a3-4d1d-bb8c-14633e5005a5,ZNR
2b90e88b-60a3-4d1d-bb8c-14633e5005a5,ZNR
2b90e88b-60a3-4d1d-bb8c-14633e5005a5,ZNR
2b90e88b-60a3-4d1d-bb8c-14633e5005a5,ZNR
2b90e88b-60a3-4d1d-bb8c-14633e5005a5,ZNR
2b90e88b-60a3-4d1d-bb8c-14633e5005a5,ZNR
2b90e88b-60a3-4d1d-bb8c-14633e5005a5,ZNR
2b90e88b-60a3-4d1d-bb8c-14633e5005a5,ZNR
2b90e88b-60a3-4d1d-bb8c-14633e5005a5,ZNR
2b90e88b-60a3-4d1d-bb8c-14633e5005a5,ZNR
3c6a38dd-e8f5-420f-9576-66937c71286b,ZNR
3c6a38dd-e8f5-420f-9576-66937c71286b,ZNR
3c6a38dd-e8f5-420f-9576-66937c71286b,ZNR
3c6a38dd-e8f5-420f-9576-66937c71286b,ZNR
ae92e656-6c9d-48c3-a238-5a11c2c62ec8,ZNR
ae92e656-6c9d-48c3-a238-5a11c2c62ec8,ZNR
ae92e656-6c9d-48c3-a238-5a11c2c62ec8,ZNR
ae92e656-6c9d-48c3-a238-5a11c2c62ec8,ZNR
ae92e656-6c9d-48c3-a238-5a11c2c62ec8,ZNR
ae92e656-6c9d-48c3-a238-5a11c2c62ec8,ZNR
ae92e656-6c9d-48c3-a238-5a11c2c62ec8,ZNR
cafce2f5-f4f4-465b-96dc-bcdd29d4e4bb,THB
acf7b664-3e75-4018-81f6-2a14ab59f258,THB
ea20208b-1939-4c69-8cfd-c0a42f9dc427,THB
5112ee2a-a6f3-4280-a915-000a97a9cdef,THB
37ccd974-d2bc-4fcf-94a7-0a868a04cb98,THB
26f9ebbe-3791-4d19-88d2-d5de95faff48,THB
e3ef8f96-3e3c-4b1b-8180-3b38c7deaaff,THB
bb7f2638-d757-4df6-90b0-b616534dd3a0,THB
0307bb5c-0a46-4f6b-b6d5-58cf31987bb5,THB
fa0e1a22-8f27-4c5b-a65c-c35abd2ff05b,THB
81b56863-a52a-4559-a662-f6d9145d5804,THB
076ec900-345d-4720-96b6-441bce01618a,THB
b0e237c5-45b4-49df-adb9-62b9f3b62986,THB
821cd2dd-aa03-4c55-b9e4-98e0284889d3,THB
6f774b26-7b8b-4d06-bec8-764429445e93,THB
0f82064c-b335-454c-9be6-9fbcb21aa8e5,THB
badac9b4-bfaf-4b02-a48a-ec141393566c,THB
f721cc84-8d76-4c57-b4ba-e384c67aeef7,THB
a9891b7b-fc52-470c-9f74-292ae665f378,THB
53fb7b99-9e47-46a6-9c8a-88e28b5197f1,THB
1bcb02d3-dcf4-41a6-8b9a-f8ad477faea0,THB
a6522f01-ae7a-467e-9a05-530a5ccd304d,THB
c3a87498-2c2c-411a-aa71-d594b2c6cb26,THB
9dbb9f86-f487-44b1-815f-30d87868b531,THB
b0e237c5-45b4-49df-adb9-62b9f3b62986,THB
7d4ebdea-78d4-4034-921b-735bdb11a716,THB
aadc1809-d6bb-455c-b6ce-dd11521808b6,THB
66bb5192-58bc-4efe-a145-2e804fd3483d,THB
cdb7c7a6-4e9b-4300-a776-b7e7916950c8,THB
e4763b6c-6471-41bd-b3e4-785564bcf06f,THB
e95ded36-87da-421e-8a2d-cd2f45ca039c,ONC
7dd0ae70-db67-43d8-beab-e70c97794d7b,ONE
89b1acf9-9d25-4d80-a364-34eecaa474b0,ONE
85465be2-7327-4e1f-8a4b-d24dca4f3ada,ONE
5c6322d4-52bf-471a-a5b2-8329ef4be39a,ONE
1431fe83-7dc7-4c40-8d66-6525560e4323,ONE
02b3202b-fdfb-422b-8abd-5a319cb34341,ONE
93fcddc7-126a-4e2c-898d-dcf488618cf0,ONE
e508ae5d-ffb5-4480-be90-a4394954b559,ONE
f4057210-ef07-4496-94c8-95c3b807c23c,ONE
d2e3291b-de5c-4a10-9915-2cd2d84a815c,ONE
123f0c76-1fde-439e-a76d-eccf96f8d941,ONE
daa20112-2955-439d-8802-3a228ba0832e,ONE
9df0adcf-7ad0-4d70-8dcd-28f69471495b,ONE
6f66c086-bb19-45d1-8387-17348f2c5c78,ONE
ad3fc84d-dbae-40a2-bb95-abedbc83c0cd,DMR
2f75fe15-5499-4dfe-917d-adfeccd6838a,DMR
c1df3e4d-d8a5-417b-a765-351564f0c38f,DMR
cb3d470d-e0f0-44c2-97f7-f31c02cdfbd3,DMR
8e37fae5-ddd0-4e16-8581-71579f89d9c5,DMR
c87830ee-c6b9-4c68-bc04-74987b03858d,DMR
f5a9f234-c1c1-4b4b-8385-6e0ced9977f1,DMR
5f86bba5-e203-4a86-a415-ce748f6d1f6f,DMR
359fbd40-0f61-4ec7-872c-228a476c7ad5,DMR
7bc508b3-8b38-4cf0-89a7-a2cb247ed083,DMR
497dedba-909a-4f1d-8b05-39c512007fbd,DMR
4b19fdac-da3e-4ebd-ae7b-6f31a97b2a0f,DMR
7f7a3d34-4e4e-4545-8e2e-6977eb754270,DMR
eae0bd2b-6875-4823-b596-f5c7c0a0809e,DMR
d14d5ff3-40c0-4f22-91ad-d6c8447cb9e0,DMR
99058730-b383-47b3-9c9b-2476200c992c,NEC
2cd32b69-5e1e-4990-88ec-85b21056ceae,NEO
359445e8-2f4a-4e73-9201-2c7a11d26666,NEO
47bad5c1-5804-4fba-91d9-3a49951f6e06,NEO
95dbd59e-a2f0-4031-b6c6-1b59fb7cb067,NEO
ca8fb179-7e81-4b20-8b81-ea1aa97afe58,NEO
77a144bb-df52-4d55-aecc-8c2ba644a942,NEO
166775be-c3b7-4a17-9376-aa4229b147f9,NEO
8297592c-3036-434a-9dbb-5f0af804dd13,NEO
317bdf0d-df7d-4ca2-8131-060ba7cf2602,NEO
28d92cad-45b0-479d-97fc-c175f3a3f259,NEO
7ec1192c-25b8-4975-ae6c-86be28ac1840,NEO
5d33a5b7-797b-4079-8d62-edd124c0fb5a,NEO
ba06fcda-7ab8-48d4-8656-2a911e73dc44,NEO
af6ae567-c77a-416a-b609-4df3d0dd2e18,NEO
f48ab69d-8a01-4dcb-af70-31e2c62278df,H1R
9d596bc0-c972-4a36-8cf6-cd8f72169021,MH2
c706922d-c892-43d0-a4f5-91283999d291,MH2
4613fc96-a98d-4ea8-b1e2-0a776dfd4d5a,MH2
a0e60c9e-0b9c-4daa-8a61-52111e03f49f,MH2
b92a8dbf-d5b1-4337-8c3e-bc0c8308e426,MH2
f7f07a80-05b5-4108-9e68-f8da05866acc,MH2
8b3e2d11-0f87-43f2-a961-99a47486f8fa,MH2
a4be3032-c55b-43b5-9ae0-f4e7470f4f83,MH2
2217881d-26dc-44c0-81d8-8c78c44bc5f0,MH2
5a8cd89e-d849-4107-a629-98eae4c91489,MH2
0c62efb9-11f2-4f82-af08-4587d58d6e3d,MH2
cdc8056f-4c8e-4a2b-b32f-c50c2cb7601a,MH2
9091e8dc-b546-4b74-9dc9-aef55f60d13a,MH2
2ed4901c-9b1e-4e0e-ae71-81cb10779f07,MH2
a881aa61-fc7c-4ffb-a129-f75be8b2e498,LTR
2f5b488e-d725-4ef7-90f4-71091325c0b6,LTR
eba0c7c5-ed63-41a5-93e1-a979a6f983b9,LTR
8538a97f-302d-468a-8a6c-50c800d614e5,LTR
671516eb-b088-4a15-aec9-1781ca016e11,LTR
07264de1-4322-4adb-8f08-c0aa236747c7,LTR
f724ae86-b968-4f49-8267-c2c34c22f1b6,LTR
71f97505-c961-4890-acd0-32a63919ac2a,LTR
92cd3884-18d1-4200-b28e-a52349ef37aa,LTR
0aa57431-39e2-4152-8a30-1c1e8faef153,LTR
2e20c2b8-ffe3-4d14-8588-f89719358e3d,LTR
aa59141a-4645-4316-b714-bbf2c139786e,LTR
552730c5-e3a6-468f-91b2-82c272dda400,LTR
b6e0b4ff-85b5-485f-a78f-1a58bb343238,LTR
0a1bd073-4351-4c56-9b07-4430d0d83084,LTR
1c24b5fa-506d-4eaf-881b-bc282c74a16c,LTR
1c50d4c8-2311-4394-b73f-389eb81e898b,LTR
71f97505-c961-4890-acd0-32a63919ac2a,LTR
1c50d4c8-2311-4394-b73f-389eb81e898b,LTR
552730c5-e3a6-468f-91b2-82c272dda400,LTR
661338ff-a192-4007-a144-63d00f2e9ecb,LTR
1bfccbab-29fa-4e92-8919-6cd4815fb655,LTR
b8397d13-eeaf-4b4e-b3cd-9a9ac231873a,LTR
651503a2-5d1e-408a-9cdc-0cee05ab3ef0,LTR
6e1057de-5710-415c-9a51-1d8bd86021a3,LTR
b612452e-b8a8-4a5a-82a8-01fd463cfc77,LTR
54b9c323-ac9b-4864-bd57-81b557f44114,LTR
8c321159-43e5-40fc-9f0c-4ecc4f6cfd20,LTR
30e1ec49-ad4f-4623-aeeb-dba07d6e6251,LTR
54b9c323-ac9b-4864-bd57-81b557f44114,LTR
42db2313-b13d-4292-bef2-bf86f989d32f,LTR
bbcc27e7-cbe4-45c2-b157-7251a10e7ba4,LTR
be6400e8-7f99-4005-9a92-ffbc359d3871,LTR
8ebf2a25-9bee-4146-af83-f22aab6db2a8,LTR
bc02e193-df33-4eb1-adc1-b51ee931218a,LTR
1500126f-fbe4-4c39-bb06-1a36e2c4682f,LTR
3b46aacf-b31a-4380-9e4b-82795fbaba3b,LTR
ee7292f7-1c7e-449c-9c52-7584d6a14c2c,LTR
2f506f9f-4c0d-44e8-9f81-8403d808d0e4,LTR
f525b727-acde-427b-9c33-20964e8cf613,LTR
4dd89994-bdff-47ca-a65d-10afcc7e773e,LTR
4dd89994-bdff-47ca-a65d-10afcc7e773e,LTR
c222577d-a3c7-41d9-b11b-62065bdb98ef,LTR
c222577d-a3c7-41d9-b11b-62065bdb98ef,LTR
0a1bd073-4351-4c56-9b07-4430d0d83084,LTR
71f97505-c961-4890-acd0-32a63919ac2a,LTR
f525b727-acde-427b-9c33-20964e8cf613,LTR
648bc8ae-1798-4c2f-a372-0487a90ba4d3,LTR
936421a0-2c2a-4410-941d-4e6b88166bd1,LTR
13bc14f9-c90c-499d-9024-3182d78e0a88,LTR
630e1e36-2f5d-44d4-9ff2-19ae75295016,LTR
17c2250a-9af1-40de-9f09-7e8c7daec520,LTR
4e3639c1-ebc3-4a0b-ab93-549e45aff0f7,LTR
25e69fa8-7339-4bfa-8e35-9cbfe0001d8b,LTR
6989018c-37b1-4282-a4af-9cc97f160b4d,LTR
bc60dc65-6813-4d57-877b-df195ed00d00,LTR
673c6c12-2513-4d1b-acf0-6a1f741d49dd,LTR
1da7fc15-f894-496e-ba18-a02d42e9bedc,LTR
4dd89994-bdff-47ca-a65d-10afcc7e773e,LTR
ad961ba1-c74f-4a44-87fe-b30e2b63e378,LTR
21b7606a-6a4c-4bf0-b311-1883383161d2,LTR
a4410076-e1fe-45f3-a0ca-a91ab0133ff4,LTR
04dcef75-6f98-4233-ae32-6fe41724c8e0,LTR
8c321159-43e5-40fc-9f0c-4ecc4f6cfd20,LTR
4b9af0ce-db08-4ccf-a9f3-b7c1eea14423,LTR
0c511371-97d7-47cc-934c-939dfbdd1c0b,LTR
8ebd8813-4aaf-48bf-9243-3ec4099b8372,LTR
a9379675-1a32-4e2b-8aaf-5f908c595f31,LTR
295b8595-5b4e-4fc8-8249-486d36e15f67,LTR
295b8595-5b4e-4fc8-8249-486d36e15f67,LTR
bacd500c-1389-4314-a53e-0ad510d6fb79,LTR
b38b6760-616f-4b11-8ce7-ac1223c7fd53,LTR
bf2931bd-bedc-45e8-b3f0-e2a220dbac1b,DMC
95ebbb6d-04f8-42ec-a1b7-6ca67994b8d3,DMU
87ab2cad-ac4c-4b04-8724-c824b45db4d0,DMU
d644ec3b-fa6e-4642-8367-35a3ba1f88de,DMU
ea9fc6ee-2205-4f77-8e14-313bfbe68c1e,DMU
ce295f1e-fb31-4275-a5d3-8c6f29afff40,DMU
86a42355-ead5-48b9-813a-1e9be9a45747,DMU
efaef59b-639c-4f97-addd-a32a523dd961,DMU
ba537452-3dab-4ecd-b65f-9e311a130d31,DMU
8b12da45-aff4-406d-83a3-39ecaff6ff56,DMU
ef2dc99b-083d-473e-b352-e8264353e85b,DMU
c56cf82f-8bbb-49ae-ad93-291cbec9126e,DMU
6d8f1f06-dde5-41f2-923c-67d1d4d13fab,DMU
409189da-53c9-4daf-b6b2-d155fc14f91a,DMU
e8e9959a-b422-4906-8d35-8b05c5dd6de1,DMU
3f85a4be-fa18-47ce-b24d-8cac718227ef,DMR
fbecc305-a35a-47b2-a825-f48ce1171b79,DMR
4880c0ca-7127-4d8d-ade7-2459e4acd706,DMR
9040f60a-03a5-4410-b6f8-92620ff91af4,DMR
b5a79f5d-d0df-4799-ac3a-84305e3af0c9,DMR
e65b459e-2756-4f66-b80d-4bdc1c1c9bae,DMR
b50762ad-494a-46fa-811f-4e472de8cebd,DMR
72c7f922-c334-4a75-9f5a-e68595049318,DMR
c750f7d7-25b8-433f-b3a8-0d842b99276f,DMR
fc046a97-4699-438d-8da4-022560a18564,DMR
c75772e5-257e-4b08-90a4-492a43f229b3,DMR
6996d612-28a5-4515-baba-9aad65bf4b28,DMR
752bf493-5839-47e8-95f2-6d8201907428,DMR
01c46b9a-07ea-40ab-9a2b-5bee8e7d3496,DMR
3d72f51a-3615-4b98-acaa-7d55aabb6c10,DMR
199cde21-5bc3-49cd-acd4-bae3af6e5881,CLB
34ea44f2-cb2f-4b86-83fc-fe507f05bb9d,C19
af8b5322-bfd9-4e37-90b8-3d507ab687de,MM2
aba51852-af8f-49d8-8fb6-22d52a1742b8,MH2
b5ec628a-4b66-4ab8-9e00-c1582da722ff,MH2
f3c850b9-d014-4cd1-8ffd-361ed4fe1e6d,UNF
f3c850b9-d014-4cd1-8ffd-361ed4fe1e6d,UNF
f3c850b9-d014-4cd1-8ffd-361ed4fe1e6d,UNF
f3c850b9-d014-4cd1-8ffd-361ed4fe1e6d,UNF
f3c850b9-d014-4cd1-8ffd-361ed4fe1e6d,UNF
82283c22-9b64-4f41-a5bb-aeb737eee5c9,UNF
82283c22-9b64-4f41-a5bb-aeb737eee5c9,UNF
82283c22-9b64-4f41-a5bb-aeb737eee5c9,UNF
82283c22-9b64-4f41-a5bb-aeb737eee5c9,UNF
82283c22-9b64-4f41-a5bb-aeb737eee5c9,UNF
9e1170a5-e5bb-4b86-8718-f75eec679b4e,UNF
9e1170a5-e5bb-4b86-8718-f75eec679b4e,UNF
9e1170a5-e5bb-4b86-8718-f75eec679b4e,UNF
9e1170a5-e5bb-4b86-8718-f75eec679b4e,UNF
9e1170a5-e5bb-4b86-8718-f75eec679b4e,UNF
15303b22-ddf0-488d-b07e-a118f35ef00f,UNF
15303b22-ddf0-488d-b07e-a118f35ef00f,UNF
15303b22-ddf0-488d-b07e-a118f35ef00f,UNF
15303b22-ddf0-488d-b07e-a118f35ef00f,UNF
15303b22-ddf0-488d-b07e-a118f35ef00f,UNF
f1488e6b-f677-44c5-8ff3-6a2f9bdb28c2,UNF
f1488e6b-f677-44c5-8ff3-6a2f9bdb28c2,UNF
f1488e6b-f677-44c5-8ff3-6a2f9bdb28c2,UNF
f1488e6b-f677-44c5-8ff3-6a2f9bdb28c2,UNF
f1488e6b-f677-44c5-8ff3-6a2f9bdb28c2,UNF
d86cd8fb-4ba7-4311-b0f3-b06fa112eda5,LTR
eba0c7c5-ed63-41a5-93e1-a979a6f983b9,LTR
d3f990e7-54a3-4893-8510-645b2065447b,LTR
214c270e-29ca-4d69-bea6-9252ae7707ad,LTR
671516eb-b088-4a15-aec9-1781ca016e11,LTR
bbeca27a-6c5b-40b9-83a4-a3a2096ff6f8,LTR
dd698f10-b0fc-42fc-84ec-f5a0d96bfa1d,LTR
9b5f68bc-1842-4efd-b85a-d897cfd63bde,LTR
eba0c7c5-ed63-41a5-93e1-a979a6f983b9,LTR
4ff9fbf5-de6f-4ef9-a6ab-56da4b341b77,LTR
8fee8302-39ca-43c3-b139-62e591559306,LTR
e98d5321-ec09-456c-a9ea-c8ca2cfc6205,LTR
bf4f0a7c-620e-4ed8-8da3-fa6564e8a0cd,LTR
9bae7a4d-9117-43c5-a048-80a0ddadc034,LTR
a14c4b29-3363-45ce-9190-0f79e1a0ef7f,LTR
616cfb94-3faf-44fe-bf04-e90643765e48,LTR
f6bc3720-2892-4dda-8f30-079a1ac8e1e2,LTR
bf96c268-c86b-4d5e-bf04-200c427e5fa5,LTR
75338f49-1f02-4333-87e4-5779ef14e688,LTR
7769f0ce-b31b-4cb5-8635-2b9b70114180,LTR
5a56cbc2-6fc2-4443-90fe-59acd526f562,LTR
08dc9616-83e5-451f-aaa8-d0c81802fa13,LTR
c4e40481-aeaa-4b3d-a020-e9b6d7c11992,LTR
8e3bd86b-e8ca-4885-a823-78fb967e6caf,LTR
03ab74cd-978a-49eb-9d38-bc8b472b3cef,LTR
c33bf593-62e0-491a-a31a-328bce6d8735,LTR
e860dd40-07c5-47c3-92a8-1ee95a953c2f,LTR
b590d028-ea6a-4550-b5e2-ba328a81bbc0,LTR
6391699e-987a-499f-9fec-96f2362760b9,LTR
2e20c2b8-ffe3-4d14-8588-f89719358e3d,LTR
58aafdb6-1c8c-4fc4-a52e-3e601be7fb0c,LTR
885a3277-ef10-4dcf-ac63-eb8971cd627c,LTR
3f440fa1-5387-41d6-a80f-5b19dbb21514,LTR
a4410076-e1fe-45f3-a0ca-a91ab0133ff4,LTR
21b7606a-6a4c-4bf0-b311-1883383161d2,LTR
0a1bd073-4351-4c56-9b07-4430d0d83084,LTR
0adc3bff-0eb1-40e9-b954-5515babd07a3,LTR
26bb65ba-d605-4b79-a700-4a08ec5a90b4,LTR
46b7f493-1b57-4b07-8510-30703282f879,LTR
5ae08177-48ee-4404-834d-d3cd7482ae81,LTR
bdd4d735-8cda-47c1-865b-48b51ac8f666,LTR
6e1057de-5710-415c-9a51-1d8bd86021a3,LTR
ad961ba1-c74f-4a44-87fe-b30e2b63e378,LTR
c2e2c80d-7581-46ba-8237-7886b91c19b3,LTR
bb0cda3a-20d7-425a-89fe-b0a3cd7ced03,LTR
b79999df-af8c-4724-9631-20eee5a00e49,LTR
f3fd9ff1-278b-4e6a-b30b-90250d8b5762,LTR
6589b339-9067-4e9b-bfdb-c49f8b3ef2d4,LTR
444b687f-2571-4c55-a497-d24b9e18bc0f,LTR
26bb65ba-d605-4b79-a700-4a08ec5a90b4,LTR
2acb8240-8e0e-4adf-a884-4986c116e704,LTR
002f647a-25f8-461b-8617-52674f5d577c,LTR
d179dbbe-9c79-4dbc-955a-5209a3e2745a,LTR
d15fd66d-fa7e-411d-9014-a56caa879d93,LTR
1c24b5fa-506d-4eaf-881b-bc282c74a16c,LTR
c4e40481-aeaa-4b3d-a020-e9b6d7c11992,LTR
002f647a-25f8-461b-8617-52674f5d577c,LTR
46b7f493-1b57-4b07-8510-30703282f879,LTR
27347256-2ac4-4b12-b288-0a8d578a1ff2,LTR
caa6dded-ab08-43d0-b2fb-008854582cba,LTR
26bb65ba-d605-4b79-a700-4a08ec5a90b4,LTR
b6e0b4ff-85b5-485f-a78f-1a58bb343238,LTR
26bb65ba-d605-4b79-a700-4a08ec5a90b4,LTR
3b46aacf-b31a-4380-9e4b-82795fbaba3b,LTR
54b9c323-ac9b-4864-bd57-81b557f44114,LTR
9b5871c5-bb94-4803-93ba-cd1a630b00d6,LTR
f6dcd1ca-4943-46e4-bb5d-c14949e21e23,LTR
c544e301-13b4-4dec-b65c-d54809bb7736,LTR
30e1ec49-ad4f-4623-aeeb-dba07d6e6251,LTR
3d5f92bf-e4e7-487a-834c-964fdd6ad674,LTR
92cd3884-18d1-4200-b28e-a52349ef37aa,LTR
1da7fc15-f894-496e-ba18-a02d42e9bedc,LTR
4e3639c1-ebc3-4a0b-ab93-549e45aff0f7,LTR
17fbb63c-ffc7-4183-a5e2-b55b035dc033,UNF